{"model1_randomRCF_acc": [[0.6569, 0.7335, 0.753, 0.7622, 0.7686], [0.7172, 0.7699, 0.792, 0.804, 0.8111], [0.7377, 0.7874, 0.8083, 0.8181, 0.8246], [0.7529, 0.7995, 0.8134, 0.8233, 0.8298], [0.7598, 0.8021, 0.818, 0.827, 0.8321], [0.7673, 0.8072, 0.8205, 0.8306, 0.8358]], "model1_randomRCF_tesloss": [[1.0011289715766907, 0.7414408129981801, 0.6721571959272216, 0.6408496465109572, 0.6223220674297477], [0.7980925086178358, 0.6230188506313518, 0.5699347148213205, 0.5405450478384767, 0.520117024832134], [0.7393287095842482, 0.5883978873114043, 0.5362861356403255, 0.5094700070876109, 0.49180821036990685], [0.6935424038880988, 0.5561122328420228, 0.511469302675392, 0.48627645418613774, 0.4690887837470332], [0.6634209382383129, 0.547850288545029, 0.5031497542616687, 0.4784420340121547, 0.46189668887778174], [0.6500856084159657, 0.5373699257645426, 0.49668004203446303, 0.4726119799704491, 0.45539031564434873]], "model1_randomRCF_params": [41273, 133860, 239586, 358873, 491560, 637086], "model2_localRCF_acc": [[0.6409, 0.7277, 0.748, 0.7542, 0.7612], [0.7032, 0.7633, 0.7866, 0.8002, 0.8092], [0.7342, 0.7738, 0.797, 0.8142, 0.8219], [0.7598, 0.7973, 0.8166, 0.8261, 0.8345], [0.7601, 0.8032, 0.8233, 0.8342, 0.8412], [0.754, 0.8024, 0.8247, 0.833, 0.8388]], "model2_localRCF_tesloss": [[1.0454455915885636, 0.7875997688196883, 0.7151810428764247, 0.679663096047655, 0.6575143786170815], [0.8629508712623692, 0.6655484400218046, 0.5920425340344634, 0.5543114865505243, 0.531926685118977], [0.7251967425587811, 0.6030665394626086, 0.5476921732667126, 0.5130236262007605, 0.4917739229866221], [0.6576639036589031, 0.5510221331179896, 0.5038729227041896, 0.4766313893885552, 0.4574228436509265], [0.64677649208262, 0.5324120031127447, 0.48644831852067877, 0.460445737914194, 0.4435866078998469], [0.638621585655816, 0.5332644057424762, 0.48893589818779426, 0.4636747256109986, 0.4469632930770705]], "model2_localRCF_params": [41273, 133860, 239586, 358873, 491560, 637086], "model3_fullRCF_acc": [[0.8062, 0.8259, 0.8386, 0.8458, 0.8481], [0.8149, 0.8354, 0.845, 0.8512, 0.8546], [0.8216, 0.8425, 0.852, 0.8575, 0.8612], [0.8245, 0.8412, 0.8519, 0.8583, 0.866], [0.8244, 0.8435, 0.8527, 0.8598, 0.8645], [0.8246, 0.8433, 0.8562, 0.8621, 0.8656]], "model3_fullRCF_tesloss": [[0.5587216819388957, 0.4804250020769578, 0.44998428791384154, 0.4330585380143757, 0.4235795155356202], [0.5185551315168792, 0.4595552079285247, 0.43496135801454133, 0.41615354448934144, 0.40284079652798327], [0.5015298033816905, 0.4385401682008671, 0.4127833967721915, 0.3968204214603086, 0.38738803886160067], [0.4931807106808771, 0.43787941902498656, 0.40963569245760956, 0.39183221870585333, 0.3782119747204117], [0.4874235527424873, 0.433471697040751, 0.4075579922410506, 0.3884744617757918, 0.37669689745842655], [0.4847563516490067, 0.4281271218876295, 0.399429288846028, 0.3855634505235696, 0.3720698454712011]], "model3_fullRCF_params": [41273, 133860, 239586, 358873, 491560, 637086], "model4_vANN_acc": [[0.8196, 0.8353, 0.8434, 0.8494, 0.855], [0.8358, 0.8492, 0.8592, 0.8644, 0.8677], [0.842, 0.8629, 0.8674, 0.8682, 0.8733], [0.8486, 0.8629, 0.8658, 0.8674, 0.8724], [0.8491, 0.8637, 0.8666, 0.8722, 0.8731], [0.8505, 0.8579, 0.864, 0.8705, 0.8744]], "model4_vANN_tesloss": [[0.5049581652200674, 0.45734516502935674, 0.4335408263568637, 0.41759253340431407, 0.405758438985559], [0.46305150170869463, 0.41251207869264145, 0.38996277296844917, 0.37741603296768816, 0.36369226099569585], [0.440984581090227, 0.3834907821839369, 0.3696991529645799, 0.3615607434435736, 0.3490755590079706], [0.42335244805752476, 0.3833111558533922, 0.36735065243666687, 0.361926105957997, 0.3518166953249823], [0.4218500850698616, 0.37940519821794727, 0.36841076027743425, 0.3502989411354065, 0.34374648426906973], [0.4170339009429835, 0.3869090940378889, 0.37965346759633173, 0.3598427959258043, 0.3542204961369309]], "model4_vANN_params": [41273, 133860, 239586, 358873, 491560, 637086]}