{"model3_fullRCF_acc": [[0.7885, 0.8207, 0.8324, 0.8373, 0.8424], [0.811, 0.8371, 0.8472, 0.8529, 0.854], [0.8149, 0.8376, 0.8442, 0.8505, 0.8563], [0.8242, 0.843, 0.8517, 0.857, 0.863], [0.8252, 0.8428, 0.8519, 0.8593, 0.8631], [0.8281, 0.8447, 0.8535, 0.8614, 0.864]], "model3_fullRCF_tesloss": [[0.5947845913941348, 0.5090880884399896, 0.4786828892140449, 0.462019699283793, 0.4487762066382396], [0.5311080836042573, 0.45997946096372, 0.4328648270685462, 0.4178120922061461, 0.4071824343144139], [0.5123226144645787, 0.45872773739356026, 0.4329895309255093, 0.4140097700719592, 0.4015512045802949], [0.4908688030665434, 0.4366927286492118, 0.4130335900979706, 0.39690845242783995, 0.38637470123888573], [0.4903044632718533, 0.43813405874409256, 0.4127092957496643, 0.39541135388839094, 0.3842694976284534], [0.48036990361877635, 0.4286465131783787, 0.402923430445828, 0.3842162161688261, 0.37405919047850594]], "model3_fullRCF_params": [40236, 125810, 217923, 316636, 422410, 534423], "model4_vANN_acc": [[0.8136, 0.8335, 0.8421, 0.847, 0.8501], [0.833, 0.8488, 0.859, 0.8632, 0.8711], [0.8382, 0.855, 0.8638, 0.8682, 0.8737], [0.8447, 0.8547, 0.857, 0.8635, 0.8685], [0.8478, 0.8618, 0.8689, 0.8729, 0.8754], [0.8509, 0.862, 0.8709, 0.8719, 0.8742]], "model4_vANN_tesloss": [[0.5239309955246841, 0.4721032116986528, 0.447892633042758, 0.4354647950658315, 0.4263890202664122], [0.4738254339634618, 0.42058901790576647, 0.3927075434711915, 0.38192638245564475, 0.36330132148688354], [0.450427872093418, 0.39912286796901797, 0.37603420566154433, 0.3622925711583488, 0.3498102786797511], [0.4330062502169911, 0.39455355175688295, 0.3878091781199733, 0.37188320786138124, 0.35800453586668907], [0.4253173364868647, 0.3839029032218305, 0.3628959031421927, 0.3555407324169256, 0.3456509960225866], [0.41835632675056217, 0.37941536439370505, 0.357747226010395, 0.35565630506865586, 0.3472483622122414]], "model4_vANN_params": [40236, 125810, 217923, 316636, 422410, 534423], "model1_randomRCF_acc": [[0.5648, 0.6612, 0.6945, 0.7151, 0.7313], [0.7066, 0.7647, 0.7885, 0.7996, 0.8062], [0.7304, 0.7805, 0.7987, 0.8058, 0.8149], [0.7455, 0.7901, 0.8072, 0.8199, 0.8252], [0.7531, 0.8008, 0.8148, 0.8241, 0.8316], [0.7602, 0.8029, 0.8181, 0.8285, 0.8341]], "model1_randomRCF_tesloss": [[1.2182685061346126, 0.897160019301161, 0.7954103675069688, 0.7458941476254524, 0.714900570579722], [0.8547535025620763, 0.6458158892921254, 0.5862655688690234, 0.5571059362043308, 0.538770778646952], [0.7961365686187262, 0.6097838591925705, 0.5596828057041651, 0.5330911546568328, 0.5151036068608489], [0.7049272105663638, 0.5761972944947737, 0.5286741371773467, 0.5012224678751789, 0.48295898660074305], [0.7014789524712141, 0.5552958340584477, 0.5112508795683897, 0.4867111565191535, 0.47033629085444195], [0.6543496239788925, 0.5461696812623664, 0.5041920686069923, 0.4784029748620866, 0.46046422893487954]], "model1_randomRCF_params": [40236, 125810, 217923, 316636, 422410, 534423], "model2_localRCF_acc": [[0.5556, 0.647, 0.6728, 0.6879, 0.6958], [0.6705, 0.7442, 0.7614, 0.7782, 0.7917], [0.7192, 0.7713, 0.7981, 0.81, 0.8172], [0.7496, 0.7959, 0.8126, 0.8229, 0.8297], [0.7534, 0.7982, 0.8151, 0.8268, 0.8314], [0.7507, 0.797, 0.8154, 0.8239, 0.8316]], "model2_localRCF_tesloss": [[1.312901656838912, 0.992686156985126, 0.8781613647183285, 0.8284451984152009, 0.8013322417494617], [0.910249122335941, 0.6889454545099524, 0.6272140450869934, 0.5886010510634773, 0.5637394538785838], [0.7434076436712772, 0.6146680814555928, 0.5620078101188322, 0.5317869895621191, 0.5116840423662451], [0.6939416916310033, 0.5687618829027007, 0.5205286831795415, 0.49269407006758675, 0.4747717863396753], [0.6676236662683608, 0.5531659567657905, 0.5067470835734017, 0.4810252978077418, 0.46486329447619523], [0.680932377712636, 0.5620610559288459, 0.5156725645065308, 0.4906323371054251, 0.47294843838184697]], "model2_localRCF_params": [40236, 125810, 217923, 316636, 422410, 534423]}